Serial Number,Name,Operating System Version,Model,FileVault 2 Status,Last Enrollment,Last Check-in
C02N91ZQG3QT,Tamas Hawking,10.13.1,13-inch Retina MacBook Pro (Late 2013),Boot Partitions Encrypted,1/29/18 14:45,1/26/19 0:39
C02NJN4ZG3QJ,Alexis Caslin,10.14.5,13-inch Retina MacBook Pro (Late 2013),Boot Partitions Encrypted,5/23/17 16:47,10/25/19 22:41
C02P32SSG3QK,Karyn Rubega,10.14.1,13-inch Retina MacBook Pro (Late 2013),All Partitions Encrypted,1/13/17 15:58,11/14/19 21:40
C02PDLM6FVH5,Cristal Sabey,10.13.6,13-inch MacBook Pro (Early 2015),All Partitions Encrypted,12/8/16 22:31,7/19/19 10:15
C02Q60R7FVH9,Erwin Crocetti,10.15.1,13-inch MacBook Pro (Early 2015),Boot Partitions Encrypted,1/31/17 23:07,11/14/19 22:08
C02QL14PFVH6,Jarred Ratcliff,10.13.6,13-inch MacBook Pro (Early 2015),All Partitions Encrypted,2/20/17 20:47,5/25/19 0:51
C02QN0FQFVH8,Kurtis Brosoli,10.14.6,13-inch MacBook Pro (Early 2015),All Partitions Encrypted,4/8/19 18:51,11/14/19 23:09
C02QN0FRFVH8,Vania Hallbird,10.14.6,13-inch MacBook Pro (Early 2015),All Partitions Encrypted,2/22/19 19:18,11/14/19 23:04
C02QP0USFVH9,Geordie Amyes,10.14.6,13-inch MacBook Pro (Early 2015),Boot Partitions Encrypted,11/22/18 14:04,11/14/19 21:23
C02QR07RFVH8,Salomo Hansen,10.13.6,13-inch MacBook Pro (Early 2015),All Partitions Encrypted,3/6/18 22:37,11/14/19 22:31
C02R20XWFVH9,Tucky Pennone,10.14.3,13-inch MacBook Pro (Early 2015),Boot Partitions Encrypted,4/11/18 2:10,8/14/19 16:42
C02R62A5FVH6,Wren Chaperlin,10.14.6,13-inch MacBook Pro (Early 2015),All Partitions Encrypted,1/16/17 19:43,11/14/19 20:47
C02R90S9FVH8,Quincey Agutter,10.14.6,13-inch MacBook Pro (Early 2015),All Partitions Encrypted,4/14/17 14:12,11/14/19 22:55
C02RG1NXFVH8,Cash McAnulty,10.14.6,13-inch MacBook Pro (Early 2015),All Partitions Encrypted,2/10/17 8:58,10/30/19 7:30
C02RQ7D1G8WP,Corissa Sineath,10.14.5,15-inch Retina MacBook Pro (Mid 2015),Boot Partitions Encrypted,7/24/19 5:27,11/14/19 17:28
C02RT146FVH9,Joshia Struss,10.14.5,13-inch MacBook Pro (Early 2015),Boot Partitions Encrypted,8/7/17 12:43,11/14/19 22:50
C02S10TRFVH9,Chantal Kilmartin,10.13.6,13-inch MacBook Pro (Early 2015),Boot Partitions Encrypted,2/8/17 15:21,11/14/19 23:07
C02S28D8G8WP,Zaria Davie,10.14.6,15-inch Retina MacBook Pro (Mid 2015),Boot Partitions Encrypted,1/11/17 15:42,11/14/19 23:09
C02S28MHG8WP,Chet Durdan,10.14.6,15-inch Retina MacBook Pro (Mid 2015),Boot Partitions Encrypted,6/21/18 11:49,8/3/19 0:15
C02S33FCFVH8,Sherwynd Hassard,10.15.1,13-inch MacBook Pro (Early 2015),Boot Partitions Encrypted,12/30/16 17:46,11/14/19 23:26
C02S56EMFVH5,Blair Witherden,10.14.5,13-inch MacBook Pro (Early 2015),All Partitions Encrypted,1/17/17 7:33,11/14/19 21:34
C02S725BG8WL,Abbie Decourcy,10.15.1,15-inch Retina MacBook Pro (Mid 2015),All Partitions Encrypted,1/10/17 19:53,11/14/19 23:08
C02S73TTFVH8,Chrissie Heliot,10.14.6,13-inch MacBook Pro (Early 2015),All Partitions Encrypted,1/10/17 20:45,11/14/19 20:01
C02S90X6G8WN,Lauraine Pennazzi,10.13.6,15-inch Retina MacBook Pro (Mid 2015),All Partitions Encrypted,1/9/17 16:24,11/14/19 23:21
C02SG3ATG8WN,Maye Lovatt,10.15.1,15-inch Retina MacBook Pro (Mid 2015),All Partitions Encrypted,2/9/17 1:29,11/14/19 23:09
C02SRJABGTFM,Ivie Hasted,10.14.0,15-inch Retina MacBook Pro with TouchID (Late 2016),All Partitions Encrypted,12/30/16 17:42,11/14/19 23:19
C02ST5UTGTFL,Neill Geertz,10.15.1,15-inch Retina MacBook Pro with TouchID (Late 2016),Boot Partitions Encrypted,9/23/19 9:53,11/14/19 23:19
C02SX0K4HP49,Thorndike Paddingdon,10.14.6,13-inch Retina MacBook Pro with TouchID (Late 2016),Boot Partitions Encrypted,2/8/18 14:06,11/14/19 23:18
C02SY0ZUGTFM,Timmie Semark,10.14.6,15-inch Retina MacBook Pro with TouchID (Late 2016),All Partitions Encrypted,1/20/17 17:13,10/31/19 18:12
C02SY7UBH03M,Robinetta Wildt,10.14.6,15-inch Retina MacBook Pro with TouchID (Late 2016),All Partitions Encrypted,4/1/17 2:02,11/14/19 22:12
C02T17ZDGTFL,Marco McLay,10.15.0,15-inch Retina MacBook Pro with TouchID (Late 2016),Boot Partitions Encrypted,2/27/18 19:05,11/14/19 23:15
C02T215FGYFH,Bartel Serot,10.15.1,13-inch Retina MacBook Pro with TouchID (Late 2016),Boot Partitions Encrypted,2/20/17 18:54,11/12/19 21:00
C02T22C9GTFM,Dominique Wimsett,10.14.6,15-inch Retina MacBook Pro with TouchID (Late 2016),All Partitions Encrypted,2/28/18 22:08,11/14/19 23:19
C02T2N4SGTFJ,Terri Terbrug,10.15.1,13-inch Retina MacBook Pro with TouchID (Late 2016),Boot Partitions Encrypted,1/27/17 0:07,11/14/19 14:03
C02T31SVHF1T,Winslow Reinhard,10.15.0,13-inch Retina MacBook Pro with TouchID (Late 2016),All Partitions Encrypted,6/8/19 2:39,11/14/19 22:57
C02T332LH03Q,Jacklyn Tomlins,10.14.6,15-inch Retina MacBook Pro with TouchID (Late 2016),All Partitions Encrypted,11/21/18 14:46,11/14/19 21:41
C02T43JTHF1R,Brita Vanetti,10.14.6,13-inch Retina MacBook Pro with TouchID (Late 2016),All Partitions Encrypted,4/11/17 15:58,11/14/19 23:22
C02T59FDHF1P,Nevile Keates,10.15.1,13-inch Retina MacBook Pro with TouchID (Late 2016),Boot Partitions Encrypted,3/21/17 14:26,11/14/19 23:10
C02T6EFKGTFL,Teddy Vila,10.15.1,15-inch Retina MacBook Pro with TouchID (Late 2016),Boot Partitions Encrypted,3/27/17 17:53,11/14/19 20:29
C02T80YUGTFM,Shelby Moyce,10.14.6,15-inch Retina MacBook Pro with TouchID (Late 2016),Boot Partitions Encrypted,5/9/17 8:46,11/14/19 18:18
C02T97X0H03M,Flint Glaserman,10.14.6,15-inch Retina MacBook Pro with TouchID (Late 2016),All Partitions Encrypted,5/22/17 16:03,10/29/19 13:47
C02TC1KWHF1T,Matthus Permain,10.15.0,13-inch Retina MacBook Pro with TouchID (Late 2016),Boot Partitions Encrypted,9/17/19 20:45,11/14/19 21:27
C02TD01FGYGR,Geri Ouldcott,10.14.6,13-inch Retina MacBook Pro with TouchID (Late 2016),Boot Partitions Encrypted,3/19/18 22:31,11/14/19 21:45
C02TG0JDGTDX,Taylor Karolowski,10.14.6,13-inch Retina MacBook Pro with TouchID (Late 2016),All Partitions Encrypted,4/11/17 13:54,11/14/19 23:08
C02TJ0FHGTFJ,Bev Crumby,10.14.4,13-inch Retina MacBook Pro with TouchID (Late 2016),All Partitions Encrypted,7/25/17 18:22,5/23/19 13:09
C02TK07LHTD5,Kassi Bushaway,10.15.1,15-inch Retina MacBook Pro with TouchID (Mid 2017),Boot Partitions Encrypted,2/5/18 19:00,11/14/19 23:13
C02TL17JGTFL,Gardy Beament,10.15.1,15-inch Retina MacBook Pro with TouchID (Late 2016),All Partitions Encrypted,5/19/17 15:37,11/14/19 20:34
C02TLBAZG8WN,Shadow Leathes,10.13.6,15-inch Retina MacBook Pro (Mid 2015),All Partitions Encrypted,7/9/18 19:26,9/6/19 23:39
C02TM0H0HTD6,Thurstan Baulcombe,10.15.1,15-inch Retina MacBook Pro with TouchID (Mid 2017),Boot Partitions Encrypted,7/3/19 15:13,11/14/19 23:17
C02TN0EVGYGR,Lewiss Clarke,10.13.6,13-inch Retina MacBook Pro with TouchID (Late 2016),All Partitions Encrypted,8/13/18 22:59,11/14/19 22:59
C02TP1JXHTD6,Hoyt Churn,10.15.1,15-inch Retina MacBook Pro with TouchID (Mid 2017),Boot Partitions Encrypted,7/31/17 17:04,11/14/19 23:09
C02TP2Q4HV2L,Curr Ayer,10.14.6,13-inch Retina MacBook Pro with TouchID (Mid 2017),All Partitions Encrypted,6/20/17 19:44,11/14/19 21:48
C02TQ04JHTD5,Shepard Cars,10.15.1,15-inch Retina MacBook Pro with TouchID (Mid 2017),All Partitions Encrypted,6/9/17 17:46,11/14/19 23:22
C02TQ09PGYGR,Tallou Whymark,10.14.6,13-inch Retina MacBook Pro with TouchID (Late 2016),All Partitions Encrypted,1/11/18 14:29,11/14/19 22:34
C02TQ09RGYGR,Claribel McCafferty,10.14.4,13-inch Retina MacBook Pro with TouchID (Late 2016),Boot Partitions Encrypted,8/6/18 17:32,11/14/19 14:50
C02TQ0T5HTD5,Anestassia Thandi,10.15.1,15-inch Retina MacBook Pro with TouchID (Mid 2017),Boot Partitions Encrypted,6/9/17 18:15,11/14/19 19:00
C02TQ2J0HTD6,Lindsay McJerrow,10.14.6,15-inch Retina MacBook Pro with TouchID (Mid 2017),All Partitions Encrypted,2/8/18 13:39,11/14/19 23:21
C02TQ6RVHV2M,Roseline Avo,10.15.1,13-inch Retina MacBook Pro with TouchID (Mid 2017),Boot Partitions Encrypted,11/5/19 19:06,11/14/19 23:23
C02TT105HTDH,Stacee Okker,10.14.6,15-inch Retina MacBook Pro with TouchID (Mid 2017),All Partitions Encrypted,8/21/19 19:22,11/14/19 23:13
C02TT3ALHTDF,Dag Molen,10.14.6,15-inch Retina MacBook Pro with TouchID (Mid 2017),All Partitions Encrypted,4/7/18 3:02,11/14/19 23:24
C02TT3DRHTD7,Shelli Mirams,10.14.6,15-inch Retina MacBook Pro with TouchID (Mid 2017),All Partitions Encrypted,12/19/17 17:11,9/11/19 19:36
C02TT3JQHTD6,Blondell Lickorish,10.15.1,15-inch Retina MacBook Pro with TouchID (Mid 2017),All Partitions Encrypted,3/1/18 11:32,11/14/19 21:18
C02TT91JHTD5,Raymond Kuna,10.15.1,15-inch Retina MacBook Pro with TouchID (Mid 2017),All Partitions Encrypted,7/21/17 2:43,11/14/19 23:15
C02TT9K7HTD5,Torey Patriskson,10.14.6,15-inch Retina MacBook Pro with TouchID (Mid 2017),Boot Partitions Encrypted,4/2/18 16:36,11/14/19 23:08
C02TV0PAHV2X,Fredek Beisley,10.15.1,13-inch Retina MacBook Pro with TouchID (Mid 2017),Boot Partitions Encrypted,3/6/19 16:51,11/14/19 23:25
C02TV1F6HV2P,Desi Djekic,10.14.6,13-inch Retina MacBook Pro with TouchID (Mid 2017),All Partitions Encrypted,6/27/17 17:09,11/14/19 23:09
C02TW18NHV2W,Moises Suarez,10.15.1,13-inch Retina MacBook Pro with TouchID (Mid 2017),Boot Partitions Encrypted,8/18/17 15:08,11/14/19 5:46
C02TWC7GHTD5,Kathryne Sweeney,10.15.1,15-inch Retina MacBook Pro with TouchID (Mid 2017),Boot Partitions Encrypted,10/10/18 18:12,11/14/19 19:19
C02TX16DHV2T,Carlye Wellsman,10.14.6,13-inch Retina MacBook Pro with TouchID (Mid 2017),All Partitions Encrypted,7/8/19 18:52,11/14/19 23:12
C02TX1AKHTDD,Jandy McLarty,10.15.2,15-inch Retina MacBook Pro with TouchID (Mid 2017),Boot Partitions Encrypted,5/29/18 21:11,11/14/19 15:54
C02TX2QDHTD7,Antonius Bearn,10.14.6,15-inch Retina MacBook Pro with TouchID (Mid 2017),Boot Partitions Encrypted,9/11/17 16:22,11/14/19 23:04
C02V10Q4HV2T,Becka Greet,10.14.6,13-inch Retina MacBook Pro with TouchID (Mid 2017),All Partitions Encrypted,7/29/19 15:26,11/14/19 22:54
C02V10RDHV2T,Beau Coneley,10.14.6,13-inch Retina MacBook Pro with TouchID (Mid 2017),All Partitions Encrypted,10/24/17 14:44,11/14/19 23:21
C02V10RKHV2T,Berty Abbate,10.14.6,13-inch Retina MacBook Pro with TouchID (Mid 2017),All Partitions Encrypted,10/29/18 15:53,11/14/19 22:38
C02V10S0HV2T,Kirstyn Macewan,10.14.5,13-inch Retina MacBook Pro with TouchID (Mid 2017),All Partitions Encrypted,10/17/17 13:39,11/14/19 23:16
C02V10WHHV2T,Vevay Ovesen,10.13.6,13-inch Retina MacBook Pro with TouchID (Mid 2017),All Partitions Encrypted,9/29/17 20:25,10/30/19 23:57
C02V2433HV2L,Flint Grishakov,10.14.6,13-inch Retina MacBook Pro with TouchID (Mid 2017),Boot Partitions Encrypted,2/7/19 14:08,11/14/19 23:15
C02V2CVMHTD6,Aryn Lamburn,10.15.1,15-inch Retina MacBook Pro with TouchID (Mid 2017),Boot Partitions Encrypted,6/29/18 21:42,11/14/19 23:18
C02V30S9HV2P,Toby Dripp,10.14.6,13-inch Retina MacBook Pro with TouchID (Mid 2017),Boot Partitions Encrypted,1/12/18 15:23,11/14/19 22:40
C02V30VVHV2P,Tabby Abramamov,10.14.6,13-inch Retina MacBook Pro with TouchID (Mid 2017),All Partitions Encrypted,11/30/17 18:39,11/14/19 23:25
C02V312AHV2P,Marcos Gulliman,10.15.1,13-inch Retina MacBook Pro with TouchID (Mid 2017),All Partitions Encrypted,4/22/19 12:52,11/14/19 21:56
C02V33XYHTD7,Frasquito Barabisch,10.14.6,15-inch Retina MacBook Pro with TouchID (Mid 2017),All Partitions Encrypted,9/13/17 16:28,11/14/19 23:11
C02V40W5HTD8,Winston Arundel,10.14.6,15-inch Retina MacBook Pro with TouchID (Mid 2017),All Partitions Encrypted,9/27/17 10:22,11/14/19 23:11
C02V43RTHV2N,Jerome Le Prevost,10.12.6,13-inch Retina MacBook Pro with TouchID (Mid 2017),All Partitions Encrypted,5/13/18 14:25,11/14/19 21:33
C02V44RMHTD6,Rich Rusk,10.14.6,15-inch Retina MacBook Pro with TouchID (Mid 2017),All Partitions Encrypted,10/18/17 15:30,11/14/19 23:25
C02V4BSRHV2L,Buddie Larimer,10.14.6,13-inch Retina MacBook Pro with TouchID (Mid 2017),All Partitions Encrypted,4/1/19 19:40,11/14/19 21:56
C02V4E49HTD5,Nerti Ellacott,10.13.6,15-inch Retina MacBook Pro with TouchID (Mid 2017),Boot Partitions Encrypted,9/29/17 21:52,11/14/19 23:16
C02V60WTHV2P,Hershel Matyashev,10.13.6,13-inch Retina MacBook Pro with TouchID (Mid 2017),All Partitions Encrypted,11/1/17 10:07,11/14/19 21:57
C02V61GBHV2N,Stacy Mousley,10.14.6,13-inch Retina MacBook Pro with TouchID (Mid 2017),All Partitions Encrypted,9/4/17 23:46,11/14/19 23:16
C02V76CBHTD6,Field Imbrey,10.14.6,15-inch Retina MacBook Pro with TouchID (Mid 2017),All Partitions Encrypted,11/3/17 10:43,11/14/19 18:02
C02V81K6J1WL,Ora Glasson,10.14.1,MacBook Air (13-inch Early 2015),Boot Partitions Encrypted,10/5/18 19:24,10/14/19 2:08
C02V81KDJ1WL,Amabelle Curnick,10.14.0,MacBook Air (13-inch Early 2015),All Partitions Encrypted,11/13/17 5:57,11/14/19 23:16
C02V81V1HTD8,Michale Dust,10.15.0,15-inch Retina MacBook Pro with TouchID (Mid 2017),All Partitions Encrypted,4/18/18 20:27,11/14/19 23:21
C02V859BHTD5,Ruthy Gergus,10.14.6,15-inch Retina MacBook Pro with TouchID (Mid 2017),All Partitions Encrypted,9/25/17 16:34,11/14/19 22:46
C02V89V0HTD5,Rosalinda Pearcy,10.14.6,15-inch Retina MacBook Pro with TouchID (Mid 2017),Boot Partitions Encrypted,9/22/17 19:31,11/14/19 23:22
C02VC0HXHTD7,Hildegarde Stefanovic,10.14.6,15-inch Retina MacBook Pro with TouchID (Mid 2017),All Partitions Encrypted,11/9/17 0:29,11/14/19 23:16
C02VC0KVHTD8,Constanta Antham,10.14.6,15-inch Retina MacBook Pro with TouchID (Mid 2017),All Partitions Encrypted,11/5/17 22:32,11/14/19 23:22
C02VC0NPHTD8,Kimberley Wressell,10.15.1,15-inch Retina MacBook Pro with TouchID (Mid 2017),All Partitions Encrypted,11/8/17 1:50,11/14/19 23:16
C02VD026HTD8,Nance Eakly,10.15.1,15-inch Retina MacBook Pro with TouchID (Mid 2017),Boot Partitions Encrypted,11/9/17 23:20,11/14/19 19:55
C02VD8GQHTD6,Bee McGeagh,10.14.6,15-inch Retina MacBook Pro with TouchID (Mid 2017),All Partitions Encrypted,2/28/18 21:39,11/14/19 23:18
C02VD8H2HTD6,Patsy Heaker,10.15.1,15-inch Retina MacBook Pro with TouchID (Mid 2017),Boot Partitions Encrypted,10/9/18 16:04,11/14/19 23:13
C02VD8S4HTD6,Helenka Branche,10.15.1,15-inch Retina MacBook Pro with TouchID (Mid 2017),All Partitions Encrypted,10/4/18 16:30,11/14/19 21:38
C02VD9D4HV2L,Melany Evreux,10.14.6,13-inch Retina MacBook Pro with TouchID (Mid 2017),All Partitions Encrypted,9/30/19 9:01,11/14/19 12:04
C02VF77RHV2L,Rolf Razoux,10.14.5,13-inch Retina MacBook Pro with TouchID (Mid 2017),All Partitions Encrypted,3/28/18 22:12,7/19/19 11:45
C02VG0EVHTD6,Samuel Macguire,10.14.3,15-inch Retina MacBook Pro with TouchID (Mid 2017),Boot Partitions Encrypted,11/21/17 10:37,2/28/19 20:54
C02VG10QHV2V,Tamra Atto,10.14.6,13-inch Retina MacBook Pro with TouchID (Mid 2017),All Partitions Encrypted,12/5/17 22:29,11/14/19 23:16
C02VG1M2HV2Q,Aila Spat,10.14.5,13-inch Retina MacBook Pro with TouchID (Mid 2017),Boot Partitions Encrypted,10/11/17 1:52,11/14/19 19:08
C02VG1M4HV2Q,Woodrow Perl,10.14.6,13-inch Retina MacBook Pro with TouchID (Mid 2017),Boot Partitions Encrypted,10/9/17 17:23,11/14/19 23:22
C02VG71JHV2N,Grethel Gloucester,10.13.6,13-inch Retina MacBook Pro with TouchID (Mid 2017),All Partitions Encrypted,12/27/17 18:21,11/14/19 22:10
C02VH01MHV2V,Demetrius Rodgerson,10.14.6,13-inch Retina MacBook Pro with TouchID (Mid 2017),All Partitions Encrypted,11/5/19 19:43,11/13/19 19:00
C02VH01NHV2V,Jacquenetta Sutherington,10.15.1,13-inch Retina MacBook Pro with TouchID (Mid 2017),Boot Partitions Encrypted,1/16/18 14:06,11/14/19 22:11
C02VH01RHV2V,Madalyn Hek,10.15.1,13-inch Retina MacBook Pro with TouchID (Mid 2017),All Partitions Encrypted,6/28/18 14:43,11/14/19 21:59
C02VJ3B6HTD7,Helen Cussons,10.15.1,15-inch Retina MacBook Pro with TouchID (Mid 2017),Boot Partitions Encrypted,11/27/17 6:20,11/14/19 23:10
C02VJ5QJHTD6,Odella Keyte,10.14.6,15-inch Retina MacBook Pro with TouchID (Mid 2017),All Partitions Encrypted,11/10/17 5:13,11/14/19 23:16
C02VK04ZHV2P,Robby Huckle,10.14.5,13-inch Retina MacBook Pro with TouchID (Mid 2017),All Partitions Encrypted,12/18/17 10:05,11/14/19 20:29
C02VL0CRJ9JH,Modesta Berks,10.15.1,13-inch Retina MacBook Pro with TouchID (Mid 2017),Boot Partitions Encrypted,7/24/18 14:15,11/14/19 23:19
C02VL13GHV2N,Concettina Dale,10.12.6,13-inch Retina MacBook Pro with TouchID (Mid 2017),All Partitions Encrypted,3/12/18 21:43,11/14/19 23:08
C02VL3LSHTD7,Iver Fitzmaurice,10.15.0,15-inch Retina MacBook Pro with TouchID (Mid 2017),All Partitions Encrypted,2/19/18 14:37,11/14/19 21:31
C02VL4Q4HTD7,Pall Furman,10.15.1,15-inch Retina MacBook Pro with TouchID (Mid 2017),All Partitions Encrypted,5/21/19 18:59,11/14/19 23:16
C02VM05MJ9JH,Daune O'Duggan,10.14.6,13-inch Retina MacBook Pro with TouchID (Mid 2017),All Partitions Encrypted,7/3/18 14:04,11/14/19 23:19
C02VM065J9JH,Farica Verchambre,10.14.4,13-inch Retina MacBook Pro with TouchID (Mid 2017),All Partitions Encrypted,7/23/18 15:47,6/28/19 20:06
C02VM06DJ9JH,Rosana Fasham,10.14.5,13-inch Retina MacBook Pro with TouchID (Mid 2017),Boot Partitions Encrypted,11/5/18 15:25,11/14/19 21:31
C02VM08VJ9JH,Wini Greatbach,10.14.6,13-inch Retina MacBook Pro with TouchID (Mid 2017),All Partitions Encrypted,10/12/18 14:04,11/14/19 23:23
C02VN00FJ9K3,Sandie Webb,10.15.1,13-inch Retina MacBook Pro (Mid 2017),All Partitions Encrypted,5/15/18 13:22,11/14/19 23:25
C02VN1NNHTD8,Sib Jandera,10.14.6,15-inch Retina MacBook Pro with TouchID (Mid 2017),Boot Partitions Encrypted,3/19/18 12:15,11/14/19 20:40
C02VN2LDHTD7,Gabey Drewett,10.14.6,15-inch Retina MacBook Pro with TouchID (Mid 2017),Boot Partitions Encrypted,12/7/18 6:37,11/14/19 17:24
C02VQ4QNHV2M,Alli Wellsman,10.14.6,13-inch Retina MacBook Pro with TouchID (Mid 2017),Boot Partitions Encrypted,7/30/19 16:14,11/14/19 23:21
C02VR0N5HV2J,Cordy Sier,10.13.6,13-inch Retina MacBook Pro (Mid 2017),All Partitions Encrypted,12/5/17 14:59,11/30/18 22:53
C02VR0P8HTD6,Clem Crinidge,10.15.1,15-inch Retina MacBook Pro with TouchID (Mid 2017),All Partitions Encrypted,1/22/18 9:07,11/14/19 21:39
C02VR38XHV2R,Blanch Nagle,10.15.1,13-inch Retina MacBook Pro with TouchID (Mid 2017),All Partitions Encrypted,1/3/18 10:54,11/14/19 19:36
C02VT002J93G,Margery Guerro,10.14.6,15-inch Retina MacBook Pro with TouchID (Mid 2017),Boot Partitions Encrypted,5/31/18 20:40,11/14/19 15:58
C02VT0EKJ93G,Fawnia Franciottoi,10.15.1,15-inch Retina MacBook Pro with TouchID (Mid 2017),Boot Partitions Encrypted,10/30/18 11:54,11/14/19 23:17
C02VT3FSHTD5,Lou Doncaster,10.14.6,15-inch Retina MacBook Pro with TouchID (Mid 2017),All Partitions Encrypted,11/26/18 20:55,11/14/19 8:29
C02VV0U1HTD5,Jessika Crocker,10.14.6,15-inch Retina MacBook Pro with TouchID (Mid 2017),All Partitions Encrypted,3/19/18 13:57,11/14/19 23:05
C02VV16BHTDD,Herculie Garnam,10.15.1,15-inch Retina MacBook Pro with TouchID (Mid 2017),Boot Partitions Encrypted,1/2/18 15:49,11/14/19 22:10
C02VV1PZHV2L,Wilfred Thaller,10.14.6,13-inch Retina MacBook Pro with TouchID (Mid 2017),Boot Partitions Encrypted,10/14/19 10:20,11/14/19 13:24
C02VV1YCHTD8,Tod Lauritsen,10.15.1,15-inch Retina MacBook Pro with TouchID (Mid 2017),Boot Partitions Encrypted,4/26/18 18:48,11/14/19 23:15
C02VV2F9HV2Q,Hyatt Gieraths,10.14.6,13-inch Retina MacBook Pro with TouchID (Mid 2017),Boot Partitions Encrypted,12/29/17 0:11,11/14/19 23:12
C02VV4R7HV2L,Katuscha Gieves,10.15.1,13-inch Retina MacBook Pro with TouchID (Mid 2017),Boot Partitions Encrypted,10/10/18 19:35,11/14/19 21:25
C02VV5AVHTD5,Vance Angelini,10.14.6,15-inch Retina MacBook Pro with TouchID (Mid 2017),All Partitions Encrypted,2/6/18 5:04,11/14/19 18:52
C02VV6E3HTD5,Lance Maggiore,10.14.3,15-inch Retina MacBook Pro with TouchID (Mid 2017),All Partitions Encrypted,3/1/18 15:05,11/14/19 23:24
C02VV84QHV2L,Tabby Stile,10.13.6,13-inch Retina MacBook Pro with TouchID (Mid 2017),All Partitions Encrypted,3/19/18 15:51,11/14/19 23:19
C02VV9G9HV2L,Brenna Glazyer,10.14.6,13-inch Retina MacBook Pro with TouchID (Mid 2017),Boot Partitions Encrypted,11/5/19 20:39,11/14/19 23:08
C02VW03LHTD5,Melisenda Jakubovits,10.13.6,15-inch Retina MacBook Pro with TouchID (Mid 2017),Boot Partitions Encrypted,10/30/19 5:18,11/13/19 4:39
C02VW074HV2V,Kerri Garretts,10.14.6,13-inch Retina MacBook Pro with TouchID (Mid 2017),All Partitions Encrypted,7/22/19 16:24,11/14/19 22:47
C02VW16QHTD5,Darrel Hovenden,10.14.6,15-inch Retina MacBook Pro with TouchID (Mid 2017),All Partitions Encrypted,7/27/19 20:19,11/14/19 23:18
C02VW189HTD6,Rene Franc,10.14.6,15-inch Retina MacBook Pro with TouchID (Mid 2017),Boot Partitions Encrypted,1/11/18 1:17,11/14/19 23:14
C02VWDDUHV2L,Erasmus Rawsen,10.13.6,13-inch Retina MacBook Pro with TouchID (Mid 2017),All Partitions Encrypted,4/30/18 19:57,11/14/19 23:20
C02VX310HTD5,Gisela Shaefer,10.15.1,15-inch Retina MacBook Pro with TouchID (Mid 2017),All Partitions Encrypted,4/25/19 15:54,11/14/19 20:26
C02VX3LAHV2L,Ilyse Schwandner,10.15.1,13-inch Retina MacBook Pro with TouchID (Mid 2017),All Partitions Encrypted,4/13/18 5:42,11/14/19 23:15
C02VX41HHV2L,Hyman Tradewell,10.14.6,13-inch Retina MacBook Pro with TouchID (Mid 2017),All Partitions Encrypted,4/30/18 19:59,11/14/19 22:27
C02VX43BHV2L,Brucie Devil,10.14.6,13-inch Retina MacBook Pro with TouchID (Mid 2017),Boot Partitions Encrypted,5/1/18 20:26,11/14/19 20:54
C02VX44GHV2L,Emerson Nobriga,10.14.5,13-inch Retina MacBook Pro with TouchID (Mid 2017),Boot Partitions Encrypted,5/3/18 22:48,11/14/19 22:57
C02VX44SHV2L,Klara Scowcroft,10.14.6,13-inch Retina MacBook Pro with TouchID (Mid 2017),No Partitions Encrypted,9/23/19 20:01,11/4/19 22:33
C02VX45GHV2L,Clayborne Zisneros,10.14.6,13-inch Retina MacBook Pro with TouchID (Mid 2017),Boot Partitions Encrypted,4/16/18 14:42,11/14/19 21:53
C02VX47PHV2L,Tanhya Hammell,10.15.1,13-inch Retina MacBook Pro with TouchID (Mid 2017),Boot Partitions Encrypted,9/23/19 19:16,11/14/19 20:28
C02VX57FHTD6,Odell Greystock,10.15.1,15-inch Retina MacBook Pro with TouchID (Mid 2017),All Partitions Encrypted,2/5/18 16:22,11/14/19 22:46
C02VX6FKHTD5,Ellissa McNirlan,10.14.6,15-inch Retina MacBook Pro with TouchID (Mid 2017),All Partitions Encrypted,4/12/18 20:38,11/14/19 21:27
C02W122BHV2Q,Mallorie Deinhard,10.14.6,13-inch Retina MacBook Pro with TouchID (Mid 2017),All Partitions Encrypted,2/12/18 13:11,11/14/19 23:25
C02W201PHV2Q,Fraze Barniss,10.14.6,13-inch Retina MacBook Pro with TouchID (Mid 2017),Boot Partitions Encrypted,1/23/18 0:20,11/14/19 20:42
C02W20Y3HTDH,Gerrie Burrells,10.15.1,15-inch Retina MacBook Pro with TouchID (Mid 2017),Boot Partitions Encrypted,2/22/18 22:34,11/14/19 21:29
C02W210YHV2V,Cristi Espina,10.14.6,13-inch Retina MacBook Pro with TouchID (Mid 2017),All Partitions Encrypted,2/14/18 13:44,11/14/19 19:26
C02W21C8HV2V,Redd Carefull,10.15.1,13-inch Retina MacBook Pro with TouchID (Mid 2017),All Partitions Encrypted,1/26/18 1:18,11/14/19 22:31
C02W229FHV2Q,Pollyanna Caw,10.15.1,13-inch Retina MacBook Pro with TouchID (Mid 2017),Boot Partitions Encrypted,1/22/18 17:45,11/14/19 23:11
C02W27PFHTD5,Trevar Hurl,10.14.6,15-inch Retina MacBook Pro with TouchID (Mid 2017),All Partitions Encrypted,3/1/18 19:48,11/14/19 23:13
C02W305WHV2V,Padraic Gaisford,10.14.3,13-inch Retina MacBook Pro with TouchID (Mid 2017),Boot Partitions Encrypted,7/10/19 21:19,10/23/19 20:46
C02W318EHTD6,Lyell De la Perrelle,10.14.3,15-inch Retina MacBook Pro with TouchID (Mid 2017),All Partitions Encrypted,2/2/18 14:59,11/14/19 21:31
C02W367DHV2L,Matilde Lockhead,10.14.4,13-inch Retina MacBook Pro with TouchID (Mid 2017),Boot Partitions Encrypted,3/2/18 2:02,11/14/19 23:15
C02W41J6HV2N,Harriott Posvner,10.14.6,13-inch Retina MacBook Pro with TouchID (Mid 2017),All Partitions Encrypted,4/1/19 19:40,11/9/19 0:30
C02W41JBHV2N,Xerxes Giacoppoli,10.15.1,13-inch Retina MacBook Pro with TouchID (Mid 2017),Boot Partitions Encrypted,10/4/18 16:22,11/14/19 23:17
C02W41QEHV2N,Sloane Agge,10.14.6,13-inch Retina MacBook Pro with TouchID (Mid 2017),All Partitions Encrypted,1/3/19 18:07,11/14/19 23:14
C02W41QKHV2N,Trever Tunkin,10.14.6,13-inch Retina MacBook Pro with TouchID (Mid 2017),Boot Partitions Encrypted,8/6/18 19:09,11/14/19 23:09
C02W41QRHV2N,Trudy Josilowski,10.14.6,13-inch Retina MacBook Pro with TouchID (Mid 2017),All Partitions Encrypted,5/29/18 19:53,11/14/19 23:19
C02W41REHV2N,Zach Johantges,10.14.5,13-inch Retina MacBook Pro with TouchID (Mid 2017),Boot Partitions Encrypted,6/11/18 22:11,10/1/19 6:50
C02W41W0HV2N,Benedick Moulder,10.14.6,13-inch Retina MacBook Pro with TouchID (Mid 2017),Boot Partitions Encrypted,1/11/19 19:51,10/25/19 0:33
C02W41W9HV2N,Yolane Fost,10.13.6,13-inch Retina MacBook Pro with TouchID (Mid 2017),All Partitions Encrypted,6/13/18 20:08,11/14/19 23:01
C02W524XHTD5,Ursuline Castrillo,10.15.1,15-inch Retina MacBook Pro with TouchID (Mid 2017),All Partitions Encrypted,3/19/18 17:51,11/14/19 19:30
C02W52CGHTD5,Wallie Leven,10.14.6,15-inch Retina MacBook Pro with TouchID (Mid 2017),All Partitions Encrypted,2/27/18 18:18,11/14/19 23:16
C02W5779HTD5,Ethelred Myerscough,10.15.1,15-inch Retina MacBook Pro with TouchID (Mid 2017),Boot Partitions Encrypted,3/19/18 21:41,11/14/19 20:32
C02W57YNHTD5,Carter Edgcumbe,10.14.6,15-inch Retina MacBook Pro with TouchID (Mid 2017),All Partitions Encrypted,4/18/19 19:18,11/14/19 23:23
C02W602NHTD7,Roarke Ruseworth,10.14.4,15-inch Retina MacBook Pro with TouchID (Mid 2017),Boot Partitions Encrypted,4/11/18 19:20,11/14/19 15:28
C02W60R9HTD5,Christina Ivushkin,10.15.0,15-inch Retina MacBook Pro with TouchID (Mid 2017),All Partitions Encrypted,10/7/19 7:47,10/28/19 13:34
C02W64KVHTD5,Shadow Nodes,10.15.1,15-inch Retina MacBook Pro with TouchID (Mid 2017),All Partitions Encrypted,4/1/19 23:09,11/14/19 23:25
C02W64VWHV2L,Tobi Kittle,10.14.6,13-inch Retina MacBook Pro with TouchID (Mid 2017),All Partitions Encrypted,6/25/18 20:57,11/14/19 23:20
C02W67FSHV2L,Quinn Simkin,10.15.1,13-inch Retina MacBook Pro with TouchID (Mid 2017),All Partitions Encrypted,6/25/18 22:20,11/14/19 22:54
C02W67KXHV2L,Opalina Tohill,10.15.1,13-inch Retina MacBook Pro with TouchID (Mid 2017),Boot Partitions Encrypted,6/24/19 16:22,11/14/19 23:15
C02W67UAHV2L,Lonna Wardlow,10.14.6,13-inch Retina MacBook Pro with TouchID (Mid 2017),Boot Partitions Encrypted,7/10/18 17:26,11/14/19 23:24
C02W69LHHTD5,Perren Mossman,10.15.1,15-inch Retina MacBook Pro with TouchID (Mid 2017),Boot Partitions Encrypted,6/24/19 20:06,11/14/19 22:48
C02W6AGWHTD5,Chaddie McQuilliam,10.14.3,15-inch Retina MacBook Pro with TouchID (Mid 2017),All Partitions Encrypted,3/10/18 21:18,11/14/19 23:23
C02W83BZHTD6,Merwyn Buffin,10.14.5,15-inch Retina MacBook Pro with TouchID (Mid 2017),All Partitions Encrypted,3/16/18 14:08,7/22/19 4:30
C02W85CLHTD5,Erina Dutnall,10.14.5,15-inch Retina MacBook Pro with TouchID (Mid 2017),Boot Partitions Encrypted,4/2/18 15:30,11/14/19 23:26
C02W86NZHTD5,Aaren MacNair,10.14.6,15-inch Retina MacBook Pro with TouchID (Mid 2017),All Partitions Encrypted,4/2/18 15:02,11/14/19 22:36
C02WC1L3HTD5,Edmund Windus,10.14.6,15-inch Retina MacBook Pro with TouchID (Mid 2017),Boot Partitions Encrypted,5/1/18 17:56,11/14/19 22:50
C02WC1LBHTD5,Hendrick Garling,10.13.6,15-inch Retina MacBook Pro with TouchID (Mid 2017),All Partitions Encrypted,5/1/18 15:30,11/14/19 23:14
C02WC1LJHTD5,Sarette Mulderrig,10.14.6,15-inch Retina MacBook Pro with TouchID (Mid 2017),All Partitions Encrypted,5/1/18 17:03,11/14/19 23:15
C02WC1LWHTD5,Charity Parlott,10.15.0,15-inch Retina MacBook Pro with TouchID (Mid 2017),All Partitions Encrypted,11/2/18 18:45,10/30/19 19:04
C02WC2Z9HTD5,Seumas Quinby,10.14.6,15-inch Retina MacBook Pro with TouchID (Mid 2017),All Partitions Encrypted,4/30/18 20:00,11/14/19 22:02
C02WC494HTD5,Tally Ohms,10.14.6,15-inch Retina MacBook Pro with TouchID (Mid 2017),Boot Partitions Encrypted,4/2/18 14:43,11/14/19 22:46
C02WC96UHTD5,Ronnica Kubalek,10.15.1,15-inch Retina MacBook Pro with TouchID (Mid 2017),All Partitions Encrypted,11/13/19 21:39,11/14/19 23:13
C02WD4LCHV2L,Somerset Osburn,10.15.1,13-inch Retina MacBook Pro with TouchID (Mid 2017),Boot Partitions Encrypted,5/21/18 22:15,11/14/19 23:24
C02WF0RMHTD7,Lacy Rannald,10.14.6,15-inch Retina MacBook Pro with TouchID (Mid 2017),All Partitions Encrypted,5/2/18 15:48,11/14/19 23:22
C02WF2NNHTD7,Nicoline Orr,10.14.6,15-inch Retina MacBook Pro with TouchID (Mid 2017),All Partitions Encrypted,4/16/18 23:20,11/14/19 23:07
C02WF6QVHTD5,Courtnay Rabjohns,10.14.6,15-inch Retina MacBook Pro with TouchID (Mid 2017),Boot Partitions Encrypted,6/25/18 11:40,11/14/19 23:10
C02WG01CHTD7,Monah Melmore,10.15.1,15-inch Retina MacBook Pro with TouchID (Mid 2017),All Partitions Encrypted,4/15/19 16:14,11/14/19 23:25
C02WG01MHTD7,Valentine Mattheissen,10.14.6,15-inch Retina MacBook Pro with TouchID (Mid 2017),All Partitions Encrypted,7/23/18 19:04,11/14/19 23:24
C02WG02NHTD7,Adara Aguilar,10.15.1,15-inch Retina MacBook Pro with TouchID (Mid 2017),Boot Partitions Encrypted,9/17/18 18:50,11/14/19 6:25
C02WG1RFHTD5,Natividad Dugood,10.15.1,15-inch Retina MacBook Pro with TouchID (Mid 2017),All Partitions Encrypted,7/24/19 1:48,11/6/19 1:29
C02WG2F7HTD7,Sylvester Pasek,10.15.1,15-inch Retina MacBook Pro with TouchID (Mid 2017),Boot Partitions Encrypted,7/9/18 19:17,11/14/19 19:52
C02WG2GYHTD7,Averil Burgis,10.14.4,15-inch Retina MacBook Pro with TouchID (Mid 2017),All Partitions Encrypted,7/9/18 19:24,11/14/19 22:45
C02WG2ZWHTD7,Bobette Abdey,10.13.6,15-inch Retina MacBook Pro with TouchID (Mid 2017),All Partitions Encrypted,7/9/18 19:19,11/13/19 16:28
C02WG82QHTD5,Stormie Gawn,10.15.1,15-inch Retina MacBook Pro with TouchID (Mid 2017),Boot Partitions Encrypted,6/25/18 18:40,11/14/19 0:28
C02WG8SAHTD5,Bayard Barbrick,10.14.6,15-inch Retina MacBook Pro with TouchID (Mid 2017),Boot Partitions Encrypted,6/25/18 18:40,11/14/19 21:20
C02WGD8DHTD5,Rudolfo McGavigan,10.14.6,15-inch Retina MacBook Pro with TouchID (Mid 2017),All Partitions Encrypted,6/21/18 8:35,11/14/19 23:15
C02WH1WPHTD6,Danielle Bestar,10.14.6,15-inch Retina MacBook Pro with TouchID (Mid 2017),All Partitions Encrypted,6/25/18 20:31,11/14/19 0:03
C02WJ02ZHTD7,Brynne Symon,10.13.6,15-inch Retina MacBook Pro with TouchID (Mid 2017),All Partitions Encrypted,7/23/18 19:07,11/14/19 23:09
C02WJ0NGHTDH,Theda Grayley,10.15.1,15-inch Retina MacBook Pro with TouchID (Mid 2017),Boot Partitions Encrypted,4/23/18 7:38,11/14/19 22:33
C02WJC4EHV2L,Pier Lissemore,10.15.1,13-inch Retina MacBook Pro with TouchID (Mid 2017),All Partitions Encrypted,8/4/18 8:47,11/14/19 12:02
C02WM240HTD7,Rollins Inder,10.15.1,15-inch Retina MacBook Pro with TouchID (Mid 2017),Boot Partitions Encrypted,5/29/18 20:25,11/14/19 22:58
C02WM292HTD7,Maudie Treswell,10.15.1,15-inch Retina MacBook Pro with TouchID (Mid 2017),Boot Partitions Encrypted,5/29/18 19:46,11/14/19 23:18
C02WM2BLHTD7,Wolfgang Tenny,10.14.6,15-inch Retina MacBook Pro with TouchID (Mid 2017),All Partitions Encrypted,5/29/18 19:49,11/14/19 23:14
C02WM2BVHTD7,Bernette Dorran,10.15.1,15-inch Retina MacBook Pro with TouchID (Mid 2017),All Partitions Encrypted,5/29/18 19:46,11/14/19 23:22
C02WM2CCHTD7,Grove Tesyro,10.15.1,15-inch Retina MacBook Pro with TouchID (Mid 2017),Boot Partitions Encrypted,2/19/19 19:17,11/14/19 23:17
C02WM2DDHTD7,Jermain Leehane,10.14.6,15-inch Retina MacBook Pro with TouchID (Mid 2017),Boot Partitions Encrypted,5/29/18 19:46,11/14/19 22:53
C02WM2DKHTD7,Titos Regan,10.14.6,15-inch Retina MacBook Pro with TouchID (Mid 2017),All Partitions Encrypted,4/16/19 17:16,11/14/19 23:21
C02WM2DVHTD7,Franny Splevins,10.14.6,15-inch Retina MacBook Pro with TouchID (Mid 2017),All Partitions Encrypted,6/25/18 18:42,11/14/19 22:34
C02WM4LVHTD5,Will Clemmow,10.15.1,15-inch Retina MacBook Pro with TouchID (Mid 2017),All Partitions Encrypted,6/7/18 13:12,11/14/19 17:05
C02WN32DHTD5,Marget Challicombe,10.15.1,15-inch Retina MacBook Pro with TouchID (Mid 2017),Boot Partitions Encrypted,5/31/18 20:17,11/14/19 23:04
C02WQ3K9HTD5,Dan Bloys,10.14.6,15-inch Retina MacBook Pro with TouchID (Mid 2017),Boot Partitions Encrypted,6/11/18 15:43,11/14/19 21:24
C02WR0Y8HV2N,Francois Leacy,10.14.5,13-inch Retina MacBook Pro with TouchID (Mid 2017),All Partitions Encrypted,7/16/18 16:16,11/14/19 23:20
C02WR122HV2N,Leonora Guiver,10.14.6,13-inch Retina MacBook Pro with TouchID (Mid 2017),All Partitions Encrypted,7/9/18 19:31,11/14/19 19:26
C02WR1LGHV2N,Vanya Oxnam,10.14.6,13-inch Retina MacBook Pro with TouchID (Mid 2017),Boot Partitions Encrypted,7/22/19 8:34,11/14/19 17:11
C02WR1SSHV2N,Julie Cluett,10.14.6,13-inch Retina MacBook Pro with TouchID (Mid 2017),All Partitions Encrypted,8/23/19 0:26,11/14/19 23:16
C02WR1T6HV2N,Simonne Cappineer,10.14.6,13-inch Retina MacBook Pro with TouchID (Mid 2017),All Partitions Encrypted,8/27/18 16:07,11/14/19 23:15
C02WV0FHJHCD,Ralph Lemmertz,10.14.6,"MacBook Pro (13-inch, 2018)",All Partitions Encrypted,11/13/19 23:27,11/14/19 23:26
C02WV0RGJHCD,Jaquith Booty,10.14.6,"MacBook Pro (13-inch, 2018)",All Partitions Encrypted,10/29/18 18:59,11/14/19 23:09
C02WV15RJHCD,Felice Janca,10.14.6,"MacBook Pro (13-inch, 2018)",All Partitions Encrypted,9/7/18 16:23,11/14/19 21:11
C02WV1MNJG5L,Sergeant Titmarsh,10.13.6,"MacBook Pro (15-inch, 2018)",Boot Partitions Encrypted,1/21/19 20:48,11/14/19 23:18
C02WV1MZJG5L,Alvy Vockings,10.14.6,"MacBook Pro (15-inch, 2018)",All Partitions Encrypted,1/10/19 23:40,11/14/19 22:36
C02WV1NXJG5L,Brock Bazley,10.15.1,"MacBook Pro (15-inch, 2018)",Boot Partitions Encrypted,1/8/19 5:22,11/14/19 22:53
C02WV1UPJHCD,Judie Very,10.14.6,"MacBook Pro (13-inch, 2018)",All Partitions Encrypted,12/13/18 23:11,11/14/19 23:25
C02WW0PFJG5L,Graehme Kindleysides,10.15.1,"MacBook Pro (15-inch, 2018)",Boot Partitions Encrypted,1/7/19 18:15,11/14/19 21:46
C02WW127JG5L,Gavin Cakes,10.15.1,"MacBook Pro (15-inch, 2018)",Boot Partitions Encrypted,8/13/19 20:24,11/13/19 15:50
C02WW167JHCD,Paulo Siggs,10.15.1,"MacBook Pro (13-inch, 2018)",Boot Partitions Encrypted,9/4/18 19:38,11/14/19 23:13
C02WW27SHTDF,Jeannette Leas,10.14.6,15-inch Retina MacBook Pro with TouchID (Mid 2017),Boot Partitions Encrypted,7/3/18 17:35,11/14/19 10:20
C02WW50KJG5L,Fidelio Delap,10.14.6,"MacBook Pro (15-inch, 2018)",Boot Partitions Encrypted,11/8/18 20:59,11/14/19 22:19
C02WW79QJG5H,Lennie Linch,10.14.5,"MacBook Pro (15-inch, 2018)",All Partitions Encrypted,1/7/19 14:05,10/7/19 20:57
C02WX5RYJG5L,Cortie Stroton,10.15.1,"MacBook Pro (15-inch, 2018)",All Partitions Encrypted,7/23/18 19:45,11/14/19 23:11
C02WX6J1JG5L,Trefor Delyth,10.14.5,"MacBook Pro (15-inch, 2018)",Boot Partitions Encrypted,7/26/18 15:22,11/14/19 23:20
C02WX6ZAJHCD,Tobiah Fawkes,10.15.0,"MacBook Pro (13-inch, 2018)",Boot Partitions Encrypted,10/8/19 21:43,11/14/19 23:17
C02WXUFDJHC8,Thacher Tomley,10.14.6,"MacBook Pro (13-inch, 2018)",All Partitions Encrypted,7/30/18 15:58,11/14/19 21:57
C02X10S0JG5L,Melantha Harbord,10.15.1,"MacBook Pro (15-inch, 2018)",All Partitions Encrypted,7/24/18 17:33,11/14/19 23:26
C02X10SXJG5L,Paulo Dillaway,10.15.1,"MacBook Pro (15-inch, 2018)",Boot Partitions Encrypted,1/21/19 20:45,11/14/19 21:07
C02X11NNJHCD,Cicely Ghilardi,10.13.6,"MacBook Pro (13-inch, 2018)",All Partitions Encrypted,12/17/18 19:27,11/14/19 15:54
C02X18FRJG5L,Marlowe Swain,10.15.0,"MacBook Pro (15-inch, 2018)",Boot Partitions Encrypted,1/21/19 20:51,11/14/19 23:10
C02X1989JHCD,Brade Baine,10.15.1,"MacBook Pro (13-inch, 2018)",Boot Partitions Encrypted,8/7/18 15:40,11/14/19 23:12
C02X244HJG5L,Shelden McDunlevy,10.14.6,"MacBook Pro (15-inch, 2018)",All Partitions Encrypted,8/5/19 16:47,11/14/19 23:24
C02X244YJHCD,Tore Zettoi,10.15.1,"MacBook Pro (13-inch, 2018)",All Partitions Encrypted,2/16/19 20:11,11/14/19 17:34
C02X24RTJG5L,Arlyne Beamand,10.13.6,"MacBook Pro (15-inch, 2018)",All Partitions Encrypted,11/6/18 16:36,11/14/19 22:07
C02X26RXJG5L,Stanford Hamsher,10.14.6,"MacBook Pro (15-inch, 2018)",Boot Partitions Encrypted,11/5/18 19:39,11/14/19 23:25
C02X2755JG5L,Donny Watkiss,10.15.1,"MacBook Pro (15-inch, 2018)",Boot Partitions Encrypted,9/17/18 18:50,11/14/19 23:19
C02X27MJJG5L,Cortney Fallanche,10.15.1,"MacBook Pro (15-inch, 2018)",All Partitions Encrypted,9/16/19 18:46,11/14/19 22:30
C02X283SJG5L,Amos Peltz,10.15.1,"MacBook Pro (15-inch, 2018)",All Partitions Encrypted,8/20/18 18:57,11/14/19 22:57
C02X285CJG5L,Shara Benzi,10.14.6,"MacBook Pro (15-inch, 2018)",All Partitions Encrypted,9/6/19 16:52,11/14/19 22:58
C02X287LJG5L,Rafe Wiggett,10.14.6,"MacBook Pro (15-inch, 2018)",All Partitions Encrypted,8/6/18 18:56,11/14/19 23:07
C02X288MJG5L,Patton Gratten,10.13.6,"MacBook Pro (15-inch, 2018)",All Partitions Encrypted,8/6/18 18:57,11/14/19 23:12
C02X29N4JG5L,Ignazio Pitman,10.15.1,"MacBook Pro (15-inch, 2018)",All Partitions Encrypted,1/21/19 20:51,11/14/19 23:18
C02X35K8JG5L,Gustav Ruff,10.13.6,"MacBook Pro (15-inch, 2018)",All Partitions Encrypted,4/3/19 21:16,11/14/19 22:07
C02X35VSJG5J,Timothee Glaserman,10.14.5,"MacBook Pro (15-inch, 2018)",All Partitions Encrypted,8/3/18 0:48,11/14/19 23:25
C02X41BTJG5L,Bird Millett,10.14.6,"MacBook Pro (15-inch, 2018)",All Partitions Encrypted,3/5/19 16:34,11/14/19 18:32
C02X42SWJGH6,Xerxes Seston,10.15.0,"MacBook Pro (15-inch, 2018)",Boot Partitions Encrypted,8/28/18 2:44,11/14/19 23:09
C02X432FJGH6,Seymour Aven,10.15.1,"MacBook Pro (15-inch, 2018)",Boot Partitions Encrypted,2/1/19 15:25,11/14/19 21:43
C02X432HJGH6,Felipe Slack,10.14.6,"MacBook Pro (15-inch, 2018)",All Partitions Encrypted,10/30/18 19:36,11/14/19 22:07
C02X432KJGH6,Doti Caspell,10.15.1,"MacBook Pro (15-inch, 2018)",All Partitions Encrypted,9/11/18 20:36,11/14/19 22:57
C02X432LJGH6,Alexine Fredi,10.14.4,"MacBook Pro (15-inch, 2018)",All Partitions Encrypted,3/1/19 17:24,11/12/19 22:08
C02X434QJG5L,Baldwin Ludman,10.14.6,"MacBook Pro (15-inch, 2018)",All Partitions Encrypted,8/6/18 18:56,11/14/19 19:47
C02X440TJG5L,Cleopatra Pesselt,10.14.5,"MacBook Pro (15-inch, 2018)",Boot Partitions Encrypted,8/20/18 18:56,11/11/19 19:18
C02X45JRJHD2,Wallace Edscer,10.15.1,"MacBook Pro (13-inch, 2018)",Boot Partitions Encrypted,9/19/18 15:46,11/14/19 21:36
C02X45N4JHD2,Travis Dongate,10.14.6,"MacBook Pro (13-inch, 2018)",All Partitions Encrypted,4/20/19 1:13,11/13/19 1:21
C02X45NBJHD2,Rudy Bracco,10.14.6,"MacBook Pro (13-inch, 2018)",All Partitions Encrypted,11/7/18 14:03,11/14/19 22:03
C02X45Z3JHD2,Babara Stailey,10.15.0,"MacBook Pro (13-inch, 2018)",Boot Partitions Encrypted,11/7/18 14:19,11/14/19 20:17
C02X51CBJG5M,Jada Johantges,10.15.1,"MacBook Pro (15-inch, 2018)",All Partitions Encrypted,10/31/19 0:23,11/14/19 23:23
C02X52CVJG5L,Celie Gilroy,10.15.1,"MacBook Pro (15-inch, 2018)",Boot Partitions Encrypted,8/20/18 18:55,11/14/19 23:16
C02X52KLJG5L,Bertram Salerno,10.14.6,"MacBook Pro (15-inch, 2018)",Boot Partitions Encrypted,9/18/18 16:24,11/14/19 20:45
C02X6B80JG5H,Hunt Poupard,10.14.6,"MacBook Pro (15-inch, 2018)",Boot Partitions Encrypted,9/6/18 17:49,11/14/19 18:48
C02X71GDJG5L,Horace Oguz,10.15.1,"MacBook Pro (15-inch, 2018)",Boot Partitions Encrypted,10/15/18 18:47,11/14/19 21:33
C02X71L5JG5L,Joell Somerbell,10.14.6,"MacBook Pro (15-inch, 2018)",All Partitions Encrypted,9/4/18 19:36,11/14/19 23:12
C02X71MXJG5L,Natalya Wason,10.14.6,"MacBook Pro (15-inch, 2018)",Boot Partitions Encrypted,10/2/18 14:42,11/14/19 23:22
C02X71YGJHCD,Ally Lantiffe,10.13.6,"MacBook Pro (13-inch, 2018)",All Partitions Encrypted,12/13/18 19:38,11/14/19 15:04
C02X71Z8JG5L,Kip Snelling,10.15.1,"MacBook Pro (15-inch, 2018)",All Partitions Encrypted,3/13/19 16:18,11/14/19 20:23
C02X71ZVJG5L,Torr Elwyn,10.14.5,"MacBook Pro (15-inch, 2018)",All Partitions Encrypted,9/17/18 18:49,11/14/19 22:30
C02X7206JG5L,Lexi Fattore,10.14.6,"MacBook Pro (15-inch, 2018)",All Partitions Encrypted,9/4/18 19:35,11/14/19 23:11
C02X720PJHCD,Dorette Manby,10.14.6,"MacBook Pro (13-inch, 2018)",Boot Partitions Encrypted,1/7/19 22:04,11/14/19 21:29
C02X7211JG5L,Ruthe Hargreave,10.15.1,"MacBook Pro (15-inch, 2018)",All Partitions Encrypted,9/17/18 18:50,11/14/19 20:52
C02X7240JHCD,Jeannie Vasishchev,10.14.3,"MacBook Pro (13-inch, 2018)",Boot Partitions Encrypted,3/4/19 18:51,11/14/19 20:28
C02X724SJG5L,Myrtle Ambrosoli,10.14.5,"MacBook Pro (15-inch, 2018)",All Partitions Encrypted,9/4/18 19:37,7/19/19 16:30
C02X725FJG5L,Timothee Scargle,10.15.1,"MacBook Pro (15-inch, 2018)",Boot Partitions Encrypted,10/15/18 18:47,11/14/19 19:52
C02X725MJG5L,Tarrance Joutapaitis,10.15.1,"MacBook Pro (15-inch, 2018)",All Partitions Encrypted,9/4/18 19:35,11/14/19 23:14
C02X7262JG5L,Tani Domleo,10.15.1,"MacBook Pro (15-inch, 2018)",Boot Partitions Encrypted,10/9/18 22:41,11/14/19 23:14
C02X726LJG5L,Brook Prium,10.13.6,"MacBook Pro (15-inch, 2018)",Boot Partitions Encrypted,9/17/18 18:52,11/14/19 23:09
C02X726SJHCD,Lesli Reisenstein,10.14.6,"MacBook Pro (13-inch, 2018)",All Partitions Encrypted,3/4/19 23:19,10/31/19 20:00
C02X726WJG5L,Eirena Leggs,10.14.2,"MacBook Pro (15-inch, 2018)",All Partitions Encrypted,9/4/18 19:38,11/14/19 22:48
C02X7288JG5L,Vonnie Growcott,10.14.6,"MacBook Pro (15-inch, 2018)",All Partitions Encrypted,9/4/18 19:36,11/14/19 23:22
C02X72AEJG5L,Addy Necolds,10.13.6,"MacBook Pro (15-inch, 2018)",All Partitions Encrypted,10/29/18 18:43,11/14/19 23:24
C02X8212JHCD,Caritta Kerswell,10.15.1,"MacBook Pro (13-inch, 2018)",Boot Partitions Encrypted,10/2/18 14:10,11/14/19 16:58
C02X8219JHCD,Dimitry Freer,10.14.6,"MacBook Pro (13-inch, 2018)",Boot Partitions Encrypted,10/16/18 15:26,11/14/19 23:15
C02X825CJHCD,Carmella Stickens,10.14.6,"MacBook Pro (13-inch, 2018)",All Partitions Encrypted,10/29/18 18:45,11/14/19 21:53
C02X827CJHCD,Grete Krystof,10.14.6,"MacBook Pro (13-inch, 2018)",All Partitions Encrypted,10/11/19 2:56,11/14/19 23:08
C02X93V7JHD2,Eamon Swigg,10.15.1,"MacBook Pro (13-inch, 2018)",All Partitions Encrypted,1/28/19 21:23,11/14/19 12:15
C02XC0B6JG5L,Krista Harnwell,10.14.6,"MacBook Pro (15-inch, 2018)",All Partitions Encrypted,1/7/19 18:43,11/14/19 23:20
C02XC180JG5L,Talia Baly,10.15.1,"MacBook Pro (15-inch, 2018)",All Partitions Encrypted,1/21/19 20:42,11/14/19 22:22
C02XD1U7JHD2,Akim Cornell,10.14.5,"MacBook Pro (13-inch, 2018)",All Partitions Encrypted,9/20/18 23:28,11/14/19 8:06
C02XD5SNJHCD,Elva L'oiseau,10.14.6,"MacBook Pro (13-inch, 2018)",All Partitions Encrypted,11/26/18 20:54,11/14/19 22:37
C02XF06EJGH8,Florida Isenor,10.14.6,"MacBook Pro (15-inch, 2018)",All Partitions Encrypted,4/16/19 0:00,11/14/19 23:19
C02XF33SJHC8,Link Milsted,10.15.1,"MacBook Pro (13-inch, 2018)",Boot Partitions Encrypted,10/1/18 14:14,11/14/19 17:20
C02XF40TJG5M,Jenni Cassy,10.15.1,"MacBook Pro (15-inch, 2018)",All Partitions Encrypted,1/7/19 7:36,11/14/19 13:18
C02XF7ZKJG5H,Salim Flood,10.14.6,"MacBook Pro (15-inch, 2018)",Boot Partitions Encrypted,11/5/18 10:15,11/14/19 20:41
C02XG01HJHCD,Sigfried Cornilli,10.15.1,"MacBook Pro (13-inch, 2018)",All Partitions Encrypted,8/26/19 16:11,11/14/19 22:39
C02XG057JHCD,Winnie Pobjoy,10.14.1,"MacBook Pro (13-inch, 2018)",All Partitions Encrypted,11/14/18 22:54,11/14/19 23:21
C02XG0CSJHCD,Rice Broxholme,10.14.6,"MacBook Pro (13-inch, 2018)",Boot Partitions Encrypted,11/7/19 19:04,11/14/19 23:09
C02XG0GBJHCD,Rodolphe McCullogh,10.15.1,"MacBook Pro (13-inch, 2018)",All Partitions Encrypted,1/31/19 17:36,11/14/19 23:14
C02XG0HDJHCD,Rafaello Brimicombe,10.14.6,"MacBook Pro (13-inch, 2018)",All Partitions Encrypted,1/21/19 22:57,11/14/19 23:11
C02XH12FJG5L,Antonius Shoute,10.14.6,"MacBook Pro (15-inch, 2018)",All Partitions Encrypted,2/15/19 2:52,11/14/19 23:22
C02XH13WJHD5,Cull Pierce,10.14.6,"MacBook Pro (13-inch, 2018)",Boot Partitions Encrypted,10/31/18 13:39,11/14/19 19:10
C02XH15HJG5L,Tybalt Sheen,10.15.1,"MacBook Pro (15-inch, 2018)",Boot Partitions Encrypted,11/5/18 9:52,11/14/19 19:03
C02XH174JG5L,Zackariah Bonnick,10.14.6,"MacBook Pro (15-inch, 2018)",Boot Partitions Encrypted,11/15/18 15:07,11/14/19 22:50
C02XH17LJG5L,Dolorita Cholerton,10.14.6,"MacBook Pro (15-inch, 2018)",Boot Partitions Encrypted,11/14/19 20:41,11/14/19 22:32
C02XH18RJG5L,Reinaldos Ringer,10.14.5,"MacBook Pro (15-inch, 2018)",All Partitions Encrypted,11/26/18 20:53,11/13/19 22:28
C02XH191JG5L,Annette Costy,10.14.6,"MacBook Pro (15-inch, 2018)",All Partitions Encrypted,8/13/19 0:38,11/14/19 23:17
C02XH19SJG5L,Rufe Clinch,10.15.1,"MacBook Pro (15-inch, 2018)",All Partitions Encrypted,4/24/19 14:08,11/14/19 23:05
C02XH19ZJG5L,Sumner Lawn,10.15.1,"MacBook Pro (15-inch, 2018)",All Partitions Encrypted,11/6/18 16:48,11/14/19 23:22
C02XH1BSJG5L,Maegan Rubinovitch,10.15.1,"MacBook Pro (15-inch, 2018)",Boot Partitions Encrypted,10/29/18 20:28,11/14/19 23:13
C02XH1D5JG5L,Karlee Fermor,10.14.6,"MacBook Pro (15-inch, 2018)",All Partitions Encrypted,11/26/18 22:18,11/14/19 23:06
C02XH1KJJG5L,Claire Ruggs,10.14.4,"MacBook Pro (15-inch, 2018)",All Partitions Encrypted,4/6/19 6:36,11/14/19 22:13
C02XH1LWJG5L,Madlen Kern,10.14.6,"MacBook Pro (15-inch, 2018)",All Partitions Encrypted,1/7/19 22:43,11/14/19 18:13
C02XH1Q0JG5L,Raymond Marklow,10.14.6,"MacBook Pro (15-inch, 2018)",All Partitions Encrypted,1/7/19 18:11,11/14/19 21:52
C02XH1QQJG5L,Kylie Lewens,10.15.1,"MacBook Pro (15-inch, 2018)",Boot Partitions Encrypted,1/10/19 4:41,11/14/19 23:20
C02XH3P9JHCD,Dougie Dallinder,10.15.1,"MacBook Pro (13-inch, 2018)",All Partitions Encrypted,12/17/18 22:16,11/14/19 17:11
C02XH3UWJHCD,Caterina Savory,10.14.5,"MacBook Pro (13-inch, 2018)",All Partitions Encrypted,11/26/18 20:56,11/14/19 22:58
C02XH3VUJHCD,Ker de Clerc,10.14.6,"MacBook Pro (13-inch, 2018)",Boot Partitions Encrypted,3/19/19 21:15,11/14/19 22:42
C02XH3XWJHCD,Aundrea Losseljong,10.14.4,"MacBook Pro (13-inch, 2018)",All Partitions Encrypted,9/5/19 21:24,11/14/19 23:19
C02XH3YSJHCD,Judie Yurukhin,10.14.6,"MacBook Pro (13-inch, 2018)",All Partitions Encrypted,11/26/18 20:55,11/14/19 23:20
C02XH3Z9JHCD,Rosco Tilio,10.14.6,"MacBook Pro (13-inch, 2018)",Boot Partitions Encrypted,10/29/18 18:44,11/14/19 22:09
C02XH3ZFJHCD,Stormie Dabling,10.14.6,"MacBook Pro (13-inch, 2018)",All Partitions Encrypted,3/19/19 16:48,11/14/19 21:53
C02XH41KJHCD,Morey Gunter,10.15.1,"MacBook Pro (13-inch, 2018)",Boot Partitions Encrypted,3/25/19 13:47,11/14/19 21:52
C02XH51XJHCD,Sunshine Derisley,10.13.6,"MacBook Pro (13-inch, 2018)",Boot Partitions Encrypted,11/26/18 20:55,11/14/19 23:24
C02XJ05YHH29,Dick Braune,10.14.6,MacBook (12-inch Retina Mid 2017),All Partitions Encrypted,11/13/18 16:38,10/13/19 8:53
C02XJ41SJHCD,Dyana Jacob,10.14.5,"MacBook Pro (13-inch, 2018)",All Partitions Encrypted,5/29/19 20:19,11/14/19 23:11
C02XJ42SJG5L,Lukas Fishlock,10.15.1,"MacBook Pro (15-inch, 2018)",Boot Partitions Encrypted,12/7/18 17:47,11/13/19 19:04
C02XJ43XJHCD,Willy Suggett,10.14.6,"MacBook Pro (13-inch, 2018)",All Partitions Encrypted,4/26/19 14:09,11/2/19 0:44
C02XJEA4JG5H,Fedora Cudby,10.15.1,"MacBook Pro (15-inch, 2018)",All Partitions Encrypted,12/12/18 21:54,11/14/19 14:30
C02XK011JG5L,Kacey Lifton,10.15.1,"MacBook Pro (15-inch, 2018)",Boot Partitions Encrypted,1/7/19 18:14,11/14/19 23:20
C02XK01BJG5L,Karlene Arnao,10.15.1,"MacBook Pro (15-inch, 2018)",All Partitions Encrypted,12/10/18 20:40,11/14/19 23:20
C02XK01HJG5L,Arin Guyers,10.14.6,"MacBook Pro (15-inch, 2018)",Boot Partitions Encrypted,1/7/19 18:11,11/14/19 16:52
C02XK01MJG5L,Hayward Drayson,10.15.1,"MacBook Pro (15-inch, 2018)",All Partitions Encrypted,1/7/19 18:12,11/14/19 23:08
C02XK01UJG5L,Wainwright Dureden,10.13.6,"MacBook Pro (15-inch, 2018)",Boot Partitions Encrypted,1/7/19 18:10,11/14/19 22:12
C02XK01VJG5L,Alanson O'Sheilds,10.14.5,"MacBook Pro (15-inch, 2018)",All Partitions Encrypted,12/13/18 15:40,11/14/19 23:10
C02XK02SJG5L,Enos Spinozzi,10.14.6,"MacBook Pro (15-inch, 2018)",All Partitions Encrypted,1/7/19 18:14,11/14/19 23:06
C02XK1GBJG5L,Bordy Dearle-Palser,10.14.5,"MacBook Pro (15-inch, 2018)",Boot Partitions Encrypted,2/5/19 17:18,11/14/19 22:33
C02XK1U9JG5L,Ferdinanda Yearby,10.14.6,"MacBook Pro (15-inch, 2018)",All Partitions Encrypted,3/18/19 16:21,11/14/19 23:16
C02XK1UNJG5L,Wayne Gradwell,10.14.6,"MacBook Pro (15-inch, 2018)",All Partitions Encrypted,8/2/19 0:09,11/14/19 22:09
C02XK255JG5L,Sigismondo Spens,10.15.1,"MacBook Pro (15-inch, 2018)",Boot Partitions Encrypted,10/29/19 18:56,11/14/19 23:18
C02XK2AVJG5L,Rosemary Hufton,10.14.6,"MacBook Pro (15-inch, 2018)",All Partitions Encrypted,2/5/19 17:19,11/14/19 23:19
C02XK2BMJG5L,Klara Bolsover,10.15.1,"MacBook Pro (15-inch, 2018)",Boot Partitions Encrypted,3/4/19 21:00,11/14/19 8:43
C02XK2C4JG5L,Kimbell Childers,10.13.6,"MacBook Pro (15-inch, 2018)",All Partitions Encrypted,2/5/19 17:19,11/14/19 21:46
C02XK2PSJG5L,Eddi Timoney,10.14.6,"MacBook Pro (15-inch, 2018)",All Partitions Encrypted,2/16/19 23:27,11/14/19 23:18
C02XK3HUJHCD,Johnathon McArd,10.13.6,"MacBook Pro (13-inch, 2018)",All Partitions Encrypted,9/16/19 18:19,11/14/19 23:22
C02XK3KLJHCD,Bard Scudder,10.15.1,"MacBook Pro (13-inch, 2018)",Boot Partitions Encrypted,1/21/19 20:36,11/14/19 23:18
C02XK3LWJHCD,Jackie Pettko,10.15.1,"MacBook Pro (13-inch, 2018)",All Partitions Encrypted,1/21/19 20:35,11/14/19 22:57
C02XK3N2JHCD,Wakefield Abbs,10.15.1,"MacBook Pro (13-inch, 2018)",Boot Partitions Encrypted,1/28/19 22:11,11/14/19 21:56
C02XK46PJG5J,Penn Wrenn,10.14.6,"MacBook Pro (15-inch, 2018)",Boot Partitions Encrypted,12/10/18 15:32,11/14/19 18:06
C02XK5TWJG5L,Moss Vaud,10.14.6,"MacBook Pro (15-inch, 2018)",All Partitions Encrypted,1/21/19 20:43,11/14/19 23:12
C02XK5X8JG5L,Goddart Coleson,10.13.6,"MacBook Pro (15-inch, 2018)",Boot Partitions Encrypted,11/26/18 15:38,11/14/19 21:32
C02XK6LEJG5L,Alix Kitchingman,10.13.6,"MacBook Pro (15-inch, 2018)",All Partitions Encrypted,11/12/18 13:30,11/14/19 23:02
C02XK6M4JG5L,Kelbee Gilfether,10.14.6,"MacBook Pro (15-inch, 2018)",All Partitions Encrypted,11/26/18 21:01,11/14/19 22:28
C02XK6NJJG5L,Mateo Trenfield,10.14.6,"MacBook Pro (15-inch, 2018)",All Partitions Encrypted,11/28/18 16:31,11/14/19 22:16
C02XK6RKJG5L,Andi Kennelly,10.15.1,"MacBook Pro (15-inch, 2018)",Boot Partitions Encrypted,11/26/18 20:54,11/14/19 0:16
C02XK6RZJG5L,Lynnell Crackett,10.14.6,"MacBook Pro (15-inch, 2018)",All Partitions Encrypted,9/16/19 17:35,11/14/19 19:21
C02XK6SGJG5L,Karlotte Gepheart,10.14.6,"MacBook Pro (15-inch, 2018)",All Partitions Encrypted,11/26/18 20:57,11/14/19 23:09
C02XK7ANJG5L,Chiquita Swanborough,10.14.5,"MacBook Pro (15-inch, 2018)",All Partitions Encrypted,1/21/19 20:45,11/14/19 5:12
C02XKJRKJG5H,Conn Besnard,10.14.5,"MacBook Pro (15-inch, 2018)",Boot Partitions Encrypted,9/19/19 8:29,11/14/19 17:26
C02XL09DJG5L,Ilysa Joannic,10.13.6,"MacBook Pro (15-inch, 2018)",All Partitions Encrypted,5/4/19 1:07,11/14/19 23:22
C02XLZ8SJHC8,Nanine Newtown,10.15.0,"MacBook Pro (13-inch, 2018)",Boot Partitions Encrypted,1/14/19 16:05,11/14/19 17:18
C02XM4U9JG5J,Cynthia Aleksandrev,10.15.1,"MacBook Pro (15-inch, 2018)",Boot Partitions Encrypted,1/28/19 13:34,11/14/19 20:40
C02XN05BJGH7,Alejandro Haysom,10.14.6,"MacBook Pro (15-inch, 2018)",All Partitions Encrypted,7/1/19 23:30,11/14/19 23:25
C02XN0L0JHD4,Cyrillus Aymer,10.14.6,"MacBook Pro (13-inch, 2018)",All Partitions Encrypted,11/14/18 6:09,10/31/19 0:21
C02XN0ULJGH7,Shirl Sugge,10.15.1,"MacBook Pro (15-inch, 2018)",All Partitions Encrypted,11/20/18 17:56,11/14/19 23:22
C02XN4WTJHD2,Oliviero Broe,10.15.1,"MacBook Pro (13-inch, 2018)",All Partitions Encrypted,10/15/19 17:27,11/14/19 22:24
C02XN4WWJHD2,Esther Pitfield,10.15.1,"MacBook Pro (13-inch, 2018)",Boot Partitions Encrypted,1/29/19 0:24,11/14/19 21:00
C02XN4WYJHD2,Jeffie Ralston,10.14.3,"MacBook Pro (13-inch, 2018)",All Partitions Encrypted,1/10/19 19:42,11/14/19 22:06
C02XP0WFJGH7,Dulciana Gabbetis,10.15.1,"MacBook Pro (15-inch, 2018)",Boot Partitions Encrypted,7/22/19 21:36,11/14/19 23:26
C02XT14XJHC8,Loralee McEntegart,10.15.1,"MacBook Pro (13-inch, 2018)",Boot Partitions Encrypted,11/12/19 23:06,11/14/19 23:15
C02XV18JJGH7,Westley Center,10.15.1,"MacBook Pro (15-inch, 2018)",Boot Partitions Encrypted,1/22/19 4:45,11/14/19 14:01
C02XV1UTJG5H,Fielding Snookes,10.15.1,"MacBook Pro (15-inch, 2018)",Boot Partitions Encrypted,2/19/19 16:09,11/14/19 23:25
C02XV1YMJG5H,Zachery Wassung,10.14.6,"MacBook Pro (15-inch, 2018)",All Partitions Encrypted,2/14/19 20:49,11/14/19 23:16
C02XW10UJG5L,Kent Gartland,10.14.6,"MacBook Pro (15-inch, 2018)",All Partitions Encrypted,1/21/19 22:42,11/14/19 9:59
C02Y22R4JG5L,Liesa Worcs,10.15.1,"MacBook Pro (15-inch, 2018)",All Partitions Encrypted,11/11/19 21:39,11/14/19 23:11
C02Y22U9JG5L,Cassaundra Dominichelli,10.14.5,"MacBook Pro (15-inch, 2018)",Boot Partitions Encrypted,10/8/19 8:18,11/14/19 22:15
C02Y23EWJG5L,Ransom Lenin,10.14.2,"MacBook Pro (15-inch, 2018)",Boot Partitions Encrypted,3/18/19 19:40,11/14/19 23:20
C02Y24MTJG5L,Nicolas Forward,10.15.0,"MacBook Pro (15-inch, 2018)",Boot Partitions Encrypted,7/8/19 18:52,11/14/19 23:12
C02Y2578JG5L,Symon Wadelin,10.14.6,"MacBook Pro (15-inch, 2018)",All Partitions Encrypted,6/11/19 18:38,11/14/19 23:07
C02Y25PBJG5L,Dennie Jonas,10.14.6,"MacBook Pro (15-inch, 2018)",Boot Partitions Encrypted,7/8/19 18:53,11/14/19 23:15
C02Y25U5JG5L,Mariska Polin,10.14.6,"MacBook Pro (15-inch, 2018)",All Partitions Encrypted,7/10/19 14:35,11/14/19 22:49
C02Y4D5SJHC8,Gerrard Cuskery,10.14.6,"MacBook Pro (13-inch, 2018)",All Partitions Encrypted,4/7/19 10:52,11/14/19 22:44
C02Y71DTJG5L,Ramon Heddy,10.15.1,"MacBook Pro (15-inch, 2018)",All Partitions Encrypted,4/29/19 15:14,11/14/19 22:18
C02Y72C8JG5L,Geraldine Crabtree,10.14.6,"MacBook Pro (15-inch, 2018)",Boot Partitions Encrypted,3/23/19 15:35,11/14/19 23:16
C02Y72EDJG5L,Linnea Novacek,10.14.6,"MacBook Pro (15-inch, 2018)",All Partitions Encrypted,8/1/19 20:37,11/14/19 22:54
C02Y72G0JG5L,Damian Beach,10.14.6,"MacBook Pro (15-inch, 2018)",All Partitions Encrypted,6/10/19 14:51,11/14/19 22:31
C02Y72G7JG5L,Monique Gyves,10.15.1,"MacBook Pro (15-inch, 2018)",All Partitions Encrypted,11/12/19 0:21,11/14/19 23:19
C02Y72GQJG5L,Guillaume Wharrier,10.15.1,"MacBook Pro (15-inch, 2018)",All Partitions Encrypted,5/2/19 15:34,11/14/19 23:19
C02Y72HCJG5L,Heidie Erley,10.15.1,"MacBook Pro (15-inch, 2018)",Boot Partitions Encrypted,4/29/19 15:10,11/14/19 22:44
C02Y72HLJG5L,Walt Curedell,10.15.1,"MacBook Pro (15-inch, 2018)",Boot Partitions Encrypted,7/8/19 18:49,11/14/19 23:21
C02Y72JGJG5L,Daile Dives,10.14.3,"MacBook Pro (15-inch, 2018)",All Partitions Encrypted,6/3/19 15:15,11/14/19 23:20
C02Y72RMJG5L,Lonnie Hardstaff,10.14.6,"MacBook Pro (15-inch, 2018)",All Partitions Encrypted,3/18/19 19:42,11/14/19 22:44
C02Y732TJG5L,Ruthann Szymoni,10.14.6,"MacBook Pro (15-inch, 2018)",All Partitions Encrypted,4/29/19 22:58,11/14/19 23:15
C02Y7386JG5L,Cad Sjollema,10.15.1,"MacBook Pro (15-inch, 2018)",Boot Partitions Encrypted,3/18/19 22:50,11/14/19 23:11
C02Y744AJG5L,Rubetta Thomlinson,10.14.6,"MacBook Pro (15-inch, 2018)",All Partitions Encrypted,3/13/19 10:29,11/14/19 17:56
C02Y83T2JGH6,Dasie Spraging,10.15.1,"MacBook Pro (15-inch, 2018)",Boot Partitions Encrypted,3/17/19 14:59,11/14/19 23:19
C02Y90YEJG5J,Mozelle Brash,10.15.0,"MacBook Pro (15-inch, 2018)",Boot Partitions Encrypted,8/27/19 16:40,11/14/19 21:34
C02Y960YJG5H,Claudine Caldwall,10.15.1,"MacBook Pro (15-inch, 2018)",Boot Partitions Encrypted,3/18/19 20:10,11/14/19 4:09
C02YC0JBJHD4,Lodovico Edgeson,10.14.6,"MacBook Pro (13-inch, 2018)",All Partitions Encrypted,7/10/19 15:31,11/14/19 20:52
C02YC0T5JG5L,Clayton Trenbay,10.14.6,"MacBook Pro (15-inch, 2018)",Boot Partitions Encrypted,5/8/19 4:41,11/14/19 23:12
C02YC0WXJHD4,Wally Waything,10.15.1,"MacBook Pro (13-inch, 2018)",Boot Partitions Encrypted,5/9/19 22:37,11/14/19 22:17
C02YC0WYJHD4,Kenneth Linning,10.14.6,"MacBook Pro (13-inch, 2018)",All Partitions Encrypted,5/7/19 19:25,11/14/19 22:33
C02YC0WZJHD4,Chandra Tarbard,10.14.3,"MacBook Pro (13-inch, 2018)",All Partitions Encrypted,8/12/19 16:56,11/14/19 16:12
C02YD0BNJHD4,Alysia Philipsen,10.15.1,"MacBook Pro (13-inch, 2018)",Boot Partitions Encrypted,10/9/19 15:32,11/14/19 23:12
C02YD0BPJHD4,Leeanne Moorfield,10.14.6,"MacBook Pro (13-inch, 2018)",All Partitions Encrypted,4/29/19 15:12,11/14/19 18:26
C02YD0BQJHD4,Archie Lockley,10.14.6,"MacBook Pro (13-inch, 2018)",All Partitions Encrypted,4/8/19 16:06,11/14/19 23:25
C02YD0BRJHD4,Goldina Derisly,10.14.6,"MacBook Pro (13-inch, 2018)",Boot Partitions Encrypted,4/29/19 15:11,11/14/19 23:10
C02YD0BSJHD4,Kellyann Pestor,10.14.6,"MacBook Pro (13-inch, 2018)",Boot Partitions Encrypted,5/2/19 22:54,11/14/19 23:17
C02YF0TQJG5L,Morgana Avramovich,10.14.6,"MacBook Pro (15-inch, 2018)",All Partitions Encrypted,5/6/19 0:25,11/14/19 15:22
C02YF7J5JG5J,Madelle Rubega,10.15.1,"MacBook Pro (15-inch, 2018)",All Partitions Encrypted,5/15/19 21:44,11/14/19 14:48
C02YG0MZJHD3,Jesse Vogeler,10.15.1,"MacBook Pro (13-inch, 2018)",All Partitions Encrypted,4/8/19 16:10,11/14/19 22:56
C02YK08YJGH8,Adda Defrain,10.14.6,"MacBook Pro (15-inch, 2018)",All Partitions Encrypted,5/1/19 13:38,11/14/19 18:28
C02YK2LULVCH,Hubie Slyde,10.14.6,"MacBook Pro (15-inch, 2018)",All Partitions Encrypted,6/18/19 14:42,11/14/19 22:34
C02YL049LVCH,Leora Lias,10.15.1,"MacBook Pro (15-inch, 2018)",No Partitions Encrypted,11/4/19 14:07,11/14/19 23:00
C02YL04TLVCH,Cori Moggan,10.15.1,"MacBook Pro (15-inch, 2018)",Boot Partitions Encrypted,8/5/19 15:09,11/14/19 23:13
C02YL05BLVCH,Shayne Ioannou,10.14.6,"MacBook Pro (15-inch, 2018)",Boot Partitions Encrypted,8/5/19 15:10,11/14/19 23:16
C02YL0JELVCH,Enriqueta Troup,10.15.1,"MacBook Pro (15-inch, 2018)",Boot Partitions Encrypted,9/9/19 15:10,11/14/19 21:56
C02YL0M4LVCH,Orelee Hooban,10.14.6,"MacBook Pro (15-inch, 2018)",Boot Partitions Encrypted,8/26/19 19:19,11/14/19 23:18
C02YL1C4JHD4,Lezley Sumpter,10.14.3,"MacBook Pro (13-inch, 2018)",Boot Partitions Encrypted,8/23/19 22:30,11/14/19 23:17
C02YL1C9JHD4,Leanna Behninck,10.14.6,"MacBook Pro (13-inch, 2018)",Boot Partitions Encrypted,11/12/19 15:09,11/13/19 19:04
C02YL1D2JHD4,Boigie Speeks,10.14.6,"MacBook Pro (13-inch, 2018)",All Partitions Encrypted,9/9/19 15:22,11/14/19 23:21
C02YL1V1LVCH,Auberta Piperley,10.15.1,"MacBook Pro (15-inch, 2018)",Boot Partitions Encrypted,6/17/19 22:24,11/14/19 23:11
C02YLE0ULVCF,Micheal Samwyse,10.14.6,"MacBook Pro (15-inch, 2018)",All Partitions Encrypted,8/28/19 17:35,11/14/19 2:06
C02YM01JJHD4,Nicola Pero,10.14.6,"MacBook Pro (13-inch, 2018)",Boot Partitions Encrypted,6/3/19 15:17,11/14/19 22:19
C02YM08ZJHD4,Sullivan MacDavitt,10.14.6,"MacBook Pro (13-inch, 2018)",Boot Partitions Encrypted,5/8/19 11:11,11/14/19 19:11
C02YM0FVJHD4,Carley Groucock,10.14.6,"MacBook Pro (13-inch, 2018)",All Partitions Encrypted,9/9/19 15:12,11/14/19 23:19
C02YN2Q1LVCH,Kennie Davidou,10.14.6,"MacBook Pro (15-inch, 2018)",All Partitions Encrypted,8/22/19 5:15,11/14/19 23:00
C02YN2Q5LVCH,Corly Chant,10.14.6,"MacBook Pro (15-inch, 2018)",All Partitions Encrypted,8/21/19 22:31,11/14/19 23:22
C02YNBM4LVDC,Cara Ferraraccio,10.14.6,"MacBook Pro (13-inch, 2018)",All Partitions Encrypted,7/22/19 8:21,11/14/19 16:56
C02YP2T0LVCH,Ash Gibbieson,10.15.1,"MacBook Pro (15-inch, 2018)",All Partitions Encrypted,5/28/19 14:06,11/14/19 23:24
C02YP312LVCJ,Viviana Shemelt,10.15.1,"MacBook Pro (15-inch, 2018)",Boot Partitions Encrypted,9/17/19 21:40,11/9/19 14:44
C02YP348LVCH,Consuela Lethibridge,10.15.1,"MacBook Pro (15-inch, 2018)",Boot Partitions Encrypted,9/9/19 15:11,11/14/19 23:21
C02YP38DLVCH,Philomena Swafield,10.15.1,"MacBook Pro (15-inch, 2018)",All Partitions Encrypted,9/30/19 15:20,11/14/19 22:50
C02YP3A4LVCH,Lurleen Jurisch,10.14.5,"MacBook Pro (15-inch, 2018)",Boot Partitions Encrypted,11/5/19 6:39,11/14/19 23:23
C02YP3DDLVCH,Wilie Sergeant,10.14.6,"MacBook Pro (15-inch, 2018)",Boot Partitions Encrypted,9/30/19 17:28,11/14/19 23:15
C02YP3H3LVDH,Maire Dubs,10.14.4,"MacBook Pro (13-inch, 2018)",All Partitions Encrypted,8/2/19 1:30,11/14/19 23:13
C02YP3HQLVCH,Hagan Wyllcocks,10.14.6,"MacBook Pro (15-inch, 2018)",Boot Partitions Encrypted,9/9/19 15:15,11/14/19 21:56
C02YP3JALVCH,Brandy Gambles,10.15.1,"MacBook Pro (15-inch, 2018)",All Partitions Encrypted,9/9/19 15:11,11/14/19 18:32
C02YP3JELVCH,Kylie Lammie,10.14.6,"MacBook Pro (15-inch, 2018)",All Partitions Encrypted,10/15/19 14:40,11/14/19 22:13
C02YP3JXLVCH,Jayson Donohue,10.15.1,"MacBook Pro (15-inch, 2018)",Boot Partitions Encrypted,9/9/19 15:10,11/14/19 23:08
C02YP3S9LVCH,Lothario Wyllis,10.14.6,"MacBook Pro (15-inch, 2018)",Boot Partitions Encrypted,9/9/19 18:12,11/14/19 7:21
C02YP3SBLVCH,Stephie O'Tierney,10.14.6,"MacBook Pro (15-inch, 2018)",All Partitions Encrypted,9/30/19 15:22,11/14/19 23:17
C02YP3SULVCH,Hermione Fittis,10.15.1,"MacBook Pro (15-inch, 2018)",Boot Partitions Encrypted,9/9/19 15:11,11/14/19 23:06
C02YP40ZLVCH,Georgy Perrottet,10.14.6,"MacBook Pro (15-inch, 2018)",All Partitions Encrypted,9/9/19 15:12,11/14/19 22:59
C02YP411LVCH,Phillipp Jeandot,10.14.6,"MacBook Pro (15-inch, 2018)",All Partitions Encrypted,9/9/19 15:11,11/14/19 21:14
C02YP41SLVCH,Sisile Nellen,10.14.6,"MacBook Pro (15-inch, 2018)",All Partitions Encrypted,9/9/19 15:12,11/14/19 23:17
C02YP43KLVCH,Jervis Vasyutin,10.15.1,"MacBook Pro (15-inch, 2018)",All Partitions Encrypted,11/4/19 16:15,11/14/19 19:53
C02YQ3UPLVCF,Netta Whebell,10.15.1,"MacBook Pro (15-inch, 2018)",Boot Partitions Encrypted,11/5/19 15:01,11/14/19 15:08
C02YQ4A8LVDG,Norris Greatbanks,10.14.6,"MacBook Pro (13-inch, 2018)",All Partitions Encrypted,7/24/19 17:37,11/14/19 23:25
C02YR02MLVCH,Christen Parnaby,10.15.1,"MacBook Pro (15-inch, 2018)",All Partitions Encrypted,9/24/19 6:06,11/14/19 23:17
C02YR0GRLVCG,Lindsay Allridge,10.15.1,"MacBook Pro (15-inch, 2018)",Boot Partitions Encrypted,9/16/19 17:30,11/14/19 20:09
C02YR0LZLVCH,Bondon Currier,10.14.5,"MacBook Pro (15-inch, 2018)",Boot Partitions Encrypted,8/5/19 15:08,11/14/19 19:42
C02YR0MPLVCH,Filia Parr,10.14.6,"MacBook Pro (15-inch, 2018)",All Partitions Encrypted,8/5/19 15:09,11/14/19 22:13
C02YR0NQLVCH,Abbot Hammond,10.14.6,"MacBook Pro (15-inch, 2018)",All Partitions Encrypted,8/5/19 15:08,11/14/19 23:04
C02YR0PQLVCH,Fredi Clulee,10.15.1,"MacBook Pro (15-inch, 2018)",All Partitions Encrypted,7/11/19 15:08,11/14/19 22:12
C02YR0Q8LVCH,Reine Ceney,10.15.1,"MacBook Pro (15-inch, 2018)",All Partitions Encrypted,8/5/19 15:08,11/14/19 23:21
C02YR0QVLVCH,Barry Munns,10.14.6,"MacBook Pro (15-inch, 2018)",All Partitions Encrypted,8/19/19 16:40,11/14/19 22:23
C02YR0QZLVCH,Dar Toma,10.14.6,"MacBook Pro (15-inch, 2018)",Boot Partitions Encrypted,9/9/19 15:11,11/14/19 23:13
C02YR1KLLVCH,Alaster Alyukin,10.14.5,"MacBook Pro (15-inch, 2018)",No Partitions Encrypted,11/12/19 1:14,11/13/19 23:43
C02YR1VALVCH,Cordey Gallandre,10.14.5,"MacBook Pro (15-inch, 2018)",No Partitions Encrypted,10/21/19 15:24,11/14/19 23:25
C02YR1W8LVCH,Peder Gatch,10.15.1,"MacBook Pro (15-inch, 2018)",Boot Partitions Encrypted,10/21/19 15:19,11/14/19 23:17
C02YR1Z7LVCH,Conrad Labbez,10.14.5,"MacBook Pro (15-inch, 2018)",Boot Partitions Encrypted,10/21/19 15:17,11/14/19 19:32
C02YR29JLVCH,Sondra Crippin,10.14.5,"MacBook Pro (15-inch, 2018)",All Partitions Encrypted,10/21/19 15:18,11/14/19 22:51
C02YR6UALVCG,Arluene Aslam,10.14.5,"MacBook Pro (15-inch, 2018)",Boot Partitions Encrypted,8/19/19 12:25,11/14/19 23:19
C02YR86VLVCG,Thornie Oldam,10.14.5,"MacBook Pro (15-inch, 2018)",Boot Partitions Encrypted,8/15/19 18:33,11/14/19 23:00